{
  "rouge1_avg": 0.1821465245414302,
  "rouge2_avg": 0.0328033575202132,
  "rougeL_avg": 0.1434877717106726
}