{
  "rouge1_avg": 0.15857718167824528,
  "rouge2_avg": 0.021140531695132914,
  "rougeL_avg": 0.1217981627542369
}