{
  "rouge1_avg": 0.18572850874698085,
  "rouge2_avg": 0.03291881095924388,
  "rougeL_avg": 0.1448292519248076
}