{
  "train_loss": [
    6.459001470406585,
    5.855042878619328,
    5.605137897390699,
    5.4624919535310505,
    5.369689872747651,
    5.287216333246651,
    5.2309643785703495,
    5.163196453239877,
    5.123278955200052,
    4.988380836746996,
    4.940512551839411,
    4.922909367779326,
    4.855413838319259,
    4.8286688224695125,
    4.810516335793354
  ],
  "val_loss": [
    5.945563771780346,
    5.6825571590237525,
    5.593014074113825,
    5.509528927714578,
    5.481542126637316,
    5.436982078797656,
    5.428155005727251,
    5.453506410442948,
    5.4208438043320415,
    5.496675132135657,
    5.464039198443392,
    5.576886028889622,
    5.812313966805317,
    5.826437731833604,
    5.827574496566001
  ],
  "test_loss": 5.817230225356249,
  "test_accuracy": 0.22725446876882907,
  "learning_rate": [
    0.0002,
    0.0002,
    0.0002,
    0.0002,
    0.0002,
    0.0002,
    0.0002,
    0.0002,
    0.0002,
    0.0001,
    0.0001,
    0.0001,
    5e-05,
    5e-05,
    5e-05
  ],
  "teacher_forcing_ratio": [
    0.8999108535770003,
    0.899881138102667,
    0.8998514226283337,
    0.8998217071540004,
    0.8997919916796672,
    0.899762276205334,
    0.8997325607310007,
    0.8997028452566674,
    0.8996731297823342,
    0.8996434143080009,
    0.8996136988336677,
    0.8995839833593344,
    0.8995542678850011,
    0.8995245524106679,
    0.8994948369363346
  ]
}