{
  "rouge1_avg": 0.1554546256283623,
  "rouge2_avg": 0.025970149253731346,
  "rougeL_avg": 0.12544071101704052
}