{
  "train_loss": [
    6.20010208916162,
    5.480440169582794,
    5.14220543347725,
    4.930259335098173,
    4.785574314440956,
    4.658794594145825,
    4.566146480509712,
    4.459228082921717,
    4.387854471581843,
    4.299144866619835,
    4.224937602082157,
    4.180224605910185,
    4.1307679198862495,
    4.078897114968095,
    4.034497582764978
  ],
  "val_loss": [
    5.400656276160126,
    5.012712429912415,
    4.827915779992109,
    4.738250758389667,
    4.60726893290583,
    4.500389342248119,
    4.304912123760015,
    4.210777314996235,
    4.149259978393678,
    4.0886752120325625,
    4.025442175741041,
    3.9856031212815264,
    3.9559027282582435,
    3.9659505409084344,
    3.9279832101595895
  ],
  "train_accuracy": [
    0.15127386188605987,
    0.1875900375863805,
    0.20701569568740336,
    0.22017508160594682,
    0.22911983104659855,
    0.23763162310702826,
    0.24390218199624253,
    0.25173283421777914,
    0.2572272312688107,
    0.26430896010120913,
    0.27021836394801046,
    0.2739303840612385,
    0.27782566088738225,
    0.28214487514832676,
    0.28599433779624156
  ],
  "val_accuracy": [
    0.0,
    0.0,
    0.0,
    0.0,
    0.0,
    0.0,
    0.0,
    0.0,
    0.0,
    0.0,
    0.0,
    0.0,
    0.0,
    0.0,
    0.0
  ],
  "test_loss": 3.969226717326519,
  "test_accuracy": 0.3019124768472027,
  "learning_rate": [
    0.0001,
    0.0001,
    0.0001,
    0.0001,
    0.0001,
    0.0001,
    0.0001,
    0.0001,
    0.0001,
    0.0001,
    0.0001,
    0.0001,
    0.0001,
    0.0001,
    0.0001
  ],
  "teacher_forcing_ratio": [
    0.8999108535770003,
    0.899881138102667,
    0.8998514226283337,
    0.8998217071540004,
    0.8997919916796672,
    0.899762276205334,
    0.8997325607310007,
    0.8997028452566674,
    0.8996731297823342,
    0.8996434143080009,
    0.8996136988336677,
    0.8995839833593344,
    0.8995542678850011,
    0.8995245524106679,
    0.8994948369363346
  ]
}