{
    "train_loss": [
        6.324129142446669,
        5.383751767075404,
        5.131807993269721,
        5.222064783186856,
        5.340044971083064
    ],
    "val_loss": [
        5.376759834837115,
        4.82674660522972,
        4.611522978002375,
        4.452960896149777,
        4.402771518561258
    ],
    "rouge1": [
        0.12954408333959355,
        0.1598056169292415,
        0.17136871666401335,
        0.17889889044219298,
        0.1835283721106215
    ],
    "rouge2": [
        0.015491339601475987,
        0.02205760554289765,
        0.0275875251817016,
        0.030055416755657698,
        0.03280740585693584
    ],
    "rougeL": [
        0.11107715206178805,
        0.13138723869868246,
        0.13940058265486377,
        0.14281511756965043,
        0.14733747117432522
    ],
    "learning_rate": [
        0.00019996657009137508,
        0.00019996657009137508,
        0.00019996657009137508,
        0.00019996657009137508,
        0.00019996657009137508
    ],
    "teacher_forcing_ratio": [
        0.9,
        0.9,
        0.7666666666666667,
        0.6333333333333333,
        0.5
    ],
    "global_step": 22435
}