{
    "train_loss": [
        6.327305635099877,
        5.38707159004951,
        5.137131896081682,
        5.230779413606267,
        5.354360162109263
    ],
    "val_loss": [
        5.404815069225987,
        4.898318849682237,
        4.710117061742755,
        4.618191526266947,
        4.533674493360747
    ],
    "train_rouge1": [
        0.17115839020511828,
        0.22814592249433224,
        0.24147722897901014,
        0.22818248621384085,
        0.21427338102206123
    ],
    "train_rouge2": [
        0.013655168295545904,
        0.026893141132266086,
        0.032792392760874436,
        0.032011965314164184,
        0.029885746667927506
    ],
    "train_rougeL": [
        0.1421325440835044,
        0.18582124860663257,
        0.1969549429888763,
        0.18708284225763716,
        0.1764748597942101
    ],
    "rouge1": [
        0.1306680451503895,
        0.14633694516032494,
        0.14442735994937783,
        0.15642817062196648,
        0.15652092635318493
    ],
    "rouge2": [
        0.014808482494845475,
        0.018669381143896185,
        0.01753999412917089,
        0.01838897402092183,
        0.01853835421312452
    ],
    "rougeL": [
        0.11020224865491837,
        0.12201028649497384,
        0.11687650996443859,
        0.12288868721039371,
        0.12648960667595743
    ],
    "learning_rate": [
        0.00019996657009137508,
        0.00019996657009137508,
        0.00019996657009137508,
        0.00019996657009137508,
        0.00019996657009137508
    ],
    "teacher_forcing_ratio": [
        0.9,
        0.9,
        0.7666666666666667,
        0.6333333333333333,
        0.5
    ],
    "global_step": 22435
}