{
    "train_loss": [
        6.69703860300964,
        5.9360407269662545,
        5.734763848534506,
        5.817944753241746,
        5.920513016836984
    ],
    "val_loss": [
        6.057082990710245,
        5.612778389853154,
        5.358067799983412,
        5.325968945425664,
        5.2300872802734375
    ],
    "train_rouge1": [
        0.17123135220921384,
        0.22848145951044957,
        0.24193606271427512,
        0.22864575982200233,
        0.21563273248466133
    ],
    "train_rouge2": [
        0.013695200383996197,
        0.02693301025222745,
        0.033019735812110346,
        0.032172749040833816,
        0.030197263315235503
    ],
    "train_rougeL": [
        0.14224552663269605,
        0.1859465314643085,
        0.197404884216594,
        0.18760275516697508,
        0.1776671819686844
    ],
    "rouge1": [
        0.1349831913890806,
        0.15464867948350122,
        0.1738718875952558,
        0.18118292189423482,
        0.18683491233889313
    ],
    "rouge2": [
        0.0156832886030257,
        0.022538889988731246,
        0.02830243787119345,
        0.029711172870137907,
        0.029821541204798584
    ],
    "rougeL": [
        0.11586870269983361,
        0.12885295489941342,
        0.1417429472602563,
        0.14432405268156748,
        0.14712259118278606
    ],
    "learning_rate": [
        0.00019996657009137508,
        0.00019996657009137508,
        0.00019996657009137508,
        0.00019996657009137508,
        0.00019996657009137508
    ],
    "teacher_forcing_ratio": [
        0.9,
        0.9,
        0.7666666666666667,
        0.6333333333333333,
        0.5
    ],
    "global_step": 22435
}