{
  "train_loss": [
    5.953118274114369,
    5.236559836186654,
    4.944570662331504,
    4.775605944716704,
    4.665782028066665,
    4.568104371064804,
    4.500929619228907,
    4.420002983735847,
    4.3720339795598,
    4.209692050843922,
    4.151709372630874,
    4.129821821504196,
    4.0464591812850985,
    4.01386447788733,
    3.9917660850778707
  ],
  "val_loss": [
    5.31477418714908,
    5.01751545565632,
    4.859279082393589,
    4.7886584331574085,
    4.753211496476996,
    4.726958346752119,
    4.790502267137821,
    4.96219679126477,
    4.897106817066848,
    5.118649059323619,
    5.281896073614174,
    5.679527894741471,
    6.08072523953742,
    6.153670011559766,
    6.373332087755346
  ],
  "test_loss": 6.35294549007927,
  "test_accuracy": 0.18887326772444266,
  "learning_rate": [
    0.0002,
    0.0002,
    0.0002,
    0.0002,
    0.0002,
    0.0002,
    0.0002,
    0.0002,
    0.0002,
    0.0001,
    0.0001,
    0.0001,
    5e-05,
    5e-05,
    5e-05
  ],
  "teacher_forcing_ratio": [
    0.8999702845256667,
    0.8999405690513335,
    0.8999108535770003,
    0.899881138102667,
    0.8998514226283337,
    0.8998217071540004,
    0.8997919916796672,
    0.899762276205334,
    0.8997325607310007,
    0.8997028452566674,
    0.8996731297823342,
    0.8996434143080009,
    0.8996136988336677,
    0.8995839833593344,
    0.8995542678850011
  ]
}