{
    "train_loss": [
        7.277498728665941,
        7.176467540948856,
        7.161280654125837,
        7.136655521488477,
        6.945415115962256
    ],
    "val_loss": [
        7.153318509165218,
        7.162499177962417,
        7.208663422500638,
        7.231148354526339,
        7.163810705296798
    ],
    "rouge1": [
        0.003693672372420344,
        0.0398482145635956,
        0.06962540196048454,
        0.0398482145635956,
        0.06962540196048454
    ],
    "rouge2": [
        0.0,
        0.0,
        1.7601295455345515e-05,
        0.0,
        1.7601295455345515e-05
    ],
    "rougeL": [
        0.003693672372420344,
        0.0398482145635956,
        0.06148678554612093,
        0.0398482145635956,
        0.06148678554612093
    ],
    "learning_rate": [
        0.000199983283182882,
        0.000199983283182882,
        0.000199983283182882,
        0.000199983283182882,
        0.000199983283182882
    ],
    "teacher_forcing_ratio": [
        0.9,
        0.9,
        0.6332739023846669,
        0.3666369511923334,
        0.1
    ],
    "global_step": 44865
}