{
    "train_loss": [
        6.3222761464485595,
        5.3802440194635155,
        5.107479276650729,
        5.202465739100341,
        5.359856683001211
    ],
    "val_loss": [
        5.408772694437127,
        4.846833781192177,
        4.690292025296882,
        4.489947766208193,
        4.380984645140798
    ],
    "rouge1": [
        0.13566933195858719,
        0.1539117887806593,
        0.17135821240256693,
        0.17903523657437656,
        0.18245992327566243
    ],
    "rouge2": [
        0.01703300210992752,
        0.022693008378571362,
        0.02723314169803882,
        0.028205978791569955,
        0.029906118748844003
    ],
    "rougeL": [
        0.11358055161615524,
        0.127875149668993,
        0.13861689780959652,
        0.14195097836716888,
        0.14499946091074797
    ],
    "learning_rate": [
        0.00019996657009137508,
        0.00019996657009137508,
        0.00019996657009137508,
        0.00019996657009137508,
        0.00019996657009137508
    ],
    "teacher_forcing_ratio": [
        0.9,
        0.9,
        0.7666666666666667,
        0.6333333333333333,
        0.5
    ],
    "global_step": 22435,
    "pruning_ratio": [
        0.0,
        0.0,
        0.009998520253949185,
        0.009998520253949185,
        0.009998520253949185
    ]
}